feature,importance
Glucose,0.3426749873107337
BMI,0.1815376373817902
Age,0.160411455777014
DiabetesPedigreeFunction,0.08659933544396799
Insulin,0.0690642097127913
Pregnancies,0.05989096088735046
BloodPressure,0.05326267159209649
SkinThickness,0.04655874189425592
