{
    "accuracy": 0.9479166666666666,
    "precision_class_0": 0.9618473895582329,
    "recall_class_0": 0.958,
    "precision_class_1": 0.9222222222222223,
    "recall_class_1": 0.9291044776119403,
    "f1_class_0": 0.9599198396793587,
    "f1_class_1": 0.9256505576208178
}