{
    "accuracy": 0.9505208333333334,
    "precision_0": 0.962,
    "recall_0": 0.962,
    "f1_score_0": 0.962,
    "precision_1": 0.9291044776119403,
    "recall_1": 0.9291044776119403,
    "f1_score_1": 0.9291044776119403
}